{"cameraMode":{"drawMode":0,"name":"Shaded","section":"Shading Mode"},"sceneLighting":false,"audioPlay":false,"sceneViewState":{"showFog":true,"showMaterialUpdate":true,"showSkybox":false,"showFlares":true,"showImageEffects":true,"showParticleSystems":true},"in2DMode":false,"pivot":{"x":1.2877883911132813,"y":-2.4276747703552248,"z":-1.015707015991211},"rotation":{"x":-0.23810169100761414,"y":-0.7032405734062195,"z":0.27321648597717287,"w":-0.6118109822273254},"size":9.184306144714356,"orthographic":false}