{"cameraMode":{"drawMode":0,"name":"Shaded","section":"Shading Mode"},"sceneLighting":true,"audioPlay":false,"sceneViewState":{"showFog":true,"showMaterialUpdate":true,"showSkybox":true,"showFlares":true,"showImageEffects":true,"showParticleSystems":true},"in2DMode":false,"pivot":{"x":2.384185791015625e-7,"y":-1.2200000286102296,"z":0.16456961631774903},"rotation":{"x":-0.25203147530555727,"y":0.3179864287376404,"z":-0.08830571919679642,"w":-0.9098010063171387},"size":9.903971672058106,"orthographic":false}