{"cameraMode":{"drawMode":0,"name":"Shaded","section":"Shading Mode"},"sceneLighting":false,"audioPlay":false,"sceneViewState":{"showFog":true,"showMaterialUpdate":true,"showSkybox":false,"showFlares":true,"showImageEffects":true,"showParticleSystems":true},"in2DMode":false,"pivot":{"x":1.2877883911132813,"y":-2.4276747703552248,"z":-1.015707015991211},"rotation":{"x":-0.14212624728679658,"y":0.748313307762146,"z":-0.17050166428089143,"w":-0.6252661943435669},"size":8.279845237731934,"orthographic":false}