{"cameraMode":{"drawMode":0,"name":"Shaded","section":"Shading Mode"},"sceneLighting":true,"audioPlay":false,"sceneViewState":{"showFog":true,"showMaterialUpdate":true,"showSkybox":true,"showFlares":true,"showImageEffects":true,"showParticleSystems":true},"in2DMode":false,"pivot":{"x":4.5,"y":-0.6449999809265137,"z":4.010000228881836},"rotation":{"x":-0.25203147530555727,"y":0.3179864287376404,"z":-0.08830571919679642,"w":-0.9098010063171387},"size":3.2660250663757326,"orthographic":false}