{"cameraMode":{"drawMode":0,"name":"Shaded","section":"Shading Mode"},"sceneLighting":false,"audioPlay":false,"sceneViewState":{"showFog":true,"showMaterialUpdate":true,"showSkybox":false,"showFlares":true,"showImageEffects":true,"showParticleSystems":true},"in2DMode":false,"pivot":{"x":0.8897953033447266,"y":-1.9242935180664063,"z":-0.17108392715454102},"rotation":{"x":0.17724739015102387,"y":0.7541547417640686,"z":-0.2260252833366394,"w":0.5907032489776611},"size":9.078529357910157,"orthographic":false}